id,coords
1,52.39751747683404,-1.6543432064296704